update,pg_loss,value_loss,entropy_loss,total_loss,update time
0,-0.04179568961262703,0.5358947515487671,1.2612500190734863,0.48148655891418457,179.13462107700002
1,-0.04493214935064316,2.1155197620391846,1.3439322710037231,2.0571482181549072,7.505189874999928
2,-0.05036156252026558,0.02561178058385849,1.1169898509979248,-0.0359196811914444,8.263001522000081
3,-0.05876142904162407,0.21037647128105164,1.2834131717681885,0.13878090679645538,7.049655198000096
4,-0.04672285541892052,1.0963212251663208,1.2105826139450073,1.0374925136566162,6.824970342000029
5,-0.023777086287736893,1.6493779420852661,0.9295520186424255,1.6163053512573242,137.22086182500004
6,-0.058461468666791916,0.5523452758789062,1.171678900718689,0.4821670353412628,16.190454820000014
7,-0.007328694220632315,0.014963156543672085,1.1186493635177612,-0.003552031237632036,15.92934964799997
8,-0.03792143240571022,0.21533529460430145,1.0530142784118652,0.16688372194766998,9.978599591000147
9,-0.03731324151158333,0.8565942645072937,1.130463719367981,0.8079764246940613,8.652653508999947
10,0.012571696192026138,1.3084291219711304,0.9452184438705444,1.3115485906600952,103.126476336
11,0.0012323984410613775,0.9121869206428528,1.036771297454834,0.9030516147613525,21.678861940999923
12,-0.035262033343315125,0.848714292049408,1.2759103775024414,0.800693154335022,19.704198529999985
13,-0.05187234655022621,0.938147246837616,1.0441439151763916,0.8758334517478943,7.681177091999871
14,-0.048776403069496155,0.4613860249519348,1.1849474906921387,0.4007601737976074,9.76529202200004
15,-0.03346751630306244,0.5120693445205688,1.1233434677124023,0.46736836433410645,101.09874824799999
16,-0.026019452139735222,0.2877337634563446,1.182408332824707,0.24989022314548492,9.853961000000027
17,-0.011687017045915127,0.5520825386047363,0.8661622405052185,0.5317338705062866,10.060972882999977
18,-0.027388667687773705,0.6318316459655762,1.150010585784912,0.5929428339004517,8.901114258999996
19,-0.04253166913986206,0.6812812089920044,1.0817631483078003,0.6279318928718567,7.545484460999887
20,-0.018586108461022377,0.6906782388687134,1.212648868560791,0.6599656343460083,131.09048208500008
21,0.001516094896942377,0.6542485952377319,0.8695586323738098,0.6470690965652466,7.883597741999893
22,-0.04079344868659973,0.025186331942677498,1.0080753564834595,-0.025687869638204575,6.719729626999879
23,-0.025327276438474655,0.624886155128479,0.955772876739502,0.5900011658668518,5.875950570999976
24,-0.02564917877316475,0.26583266258239746,0.9559649229049683,0.23062384128570557,14.4888174849998
25,-0.02479715086519718,0.02277173474431038,1.378727674484253,-0.015812691301107407,122.85958147899987
26,-0.020304733887314796,0.29034534096717834,0.9712246656417847,0.26032835245132446,20.043576809000115
27,-0.04133327305316925,1.096761703491211,1.373406171798706,1.0416942834854126,9.99367541599986
28,-0.022297576069831848,0.2907101809978485,0.8851875066757202,0.2595607042312622,7.4627238359998955
29,-0.024682842195034027,1.4228203296661377,1.0060312747955322,1.3880771398544312,9.629213998000068
30,-0.028975550085306168,0.37635529041290283,0.8954195380210876,0.33842554688453674,119.18045912299999
31,-0.0245211198925972,0.46791982650756836,0.9699739813804626,0.43369898200035095,7.376914210999985
32,-0.027148008346557617,0.8529692888259888,1.069767713546753,0.8151236176490784,9.778814457999943
33,-0.01759110577404499,0.9928091764450073,0.8623366355895996,0.9665946960449219,7.743357955999954
34,-0.018863609060645103,0.11367499828338623,1.0556002855300903,0.08425538241863251,24.747954630000095
35,-0.020696032792329788,0.5634207129478455,1.2039858102798462,0.5306848287582397,124.39628569299998
36,-0.03114873729646206,0.7906848192214966,0.9650764465332031,0.7498853206634521,7.381839414999831
37,-0.0344538576900959,0.940233588218689,0.9289774298667908,0.8964899182319641,7.3518263200001
38,-0.05638040602207184,0.6918814182281494,1.3239388465881348,0.622261643409729,7.468366316999891
39,-0.027127670124173164,0.4810839295387268,0.9807581305503845,0.4441486597061157,29.788875337999798
40,-0.043506503105163574,0.6817145347595215,1.3143678903579712,0.6250643730163574,99.97268864899979
41,-0.019502893090248108,0.20134305953979492,1.1699776649475098,0.17014038562774658,15.42302324900038
42,-0.029667304828763008,0.015070401132106781,1.4188952445983887,-0.02878585457801819,7.491588038999907
43,-0.034596413373947144,0.582720935344696,1.0436222553253174,0.5376883149147034,6.67127489700033
44,-0.03199003264307976,0.7224483489990234,1.0562938451766968,0.6798953413963318,48.968274960000144
45,-0.0494709312915802,0.5376429557800293,1.0245217084884644,0.4779268205165863,84.78711082000018
46,-0.0301184244453907,0.41339749097824097,1.0041816234588623,0.3732372522354126,6.394493712999974
47,-0.03275366872549057,0.3975509703159332,1.0504223108291626,0.3542930781841278,15.960778888999812
48,-0.0333421528339386,0.12135981023311615,1.1258448362350464,0.0767592117190361,19.988293688999875
49,-0.025525430217385292,0.3795551061630249,1.1452902555465698,0.3425767719745636,51.21459948399979
50,-0.02914118394255638,1.6540766954421997,1.0490829944610596,1.6144447326660156,77.56634125099981
51,-0.011320885270833969,0.6896548867225647,1.0177967548370361,0.6681560277938843,15.184939845999907
52,-0.017317909747362137,0.39422696828842163,0.8384607434272766,0.368524432182312,18.350654005999786
53,-0.03417984023690224,1.160731554031372,1.1230250597000122,1.1153215169906616,8.970123406999846
54,-0.009433974511921406,0.5934041142463684,0.9354967474937439,0.5746151804924011,55.84808678599984
55,-0.013413551263511181,0.11888765543699265,1.234825611114502,0.0931258499622345,66.85837812699992
56,-0.017322491854429245,0.2130357325077057,1.0381969213485718,0.18533127009868622,5.378073796000081
57,-0.03877175599336624,0.25863412022590637,1.1370999813079834,0.20849137008190155,9.607826055999794
58,-0.020065365359187126,0.24738653004169464,1.1744722127914429,0.2155764400959015,17.166877998000018
59,-0.019834568724036217,0.9305456876754761,1.1024062633514404,0.8996870517730713,83.29677625199974
60,-0.030919620767235756,0.5064728260040283,0.8052608370780945,0.46750059723854065,39.18883213499976
61,-0.005864245817065239,0.5817387104034424,0.9589486718177795,0.5662849545478821,9.587008802999662
62,-0.032163143157958984,0.5737617611885071,1.0969456434249878,0.5306291580200195,34.598114506
63,-0.049619220197200775,0.5133655071258545,1.2415634393692017,0.45133063197135925,21.632203860999653
64,-0.0335388109087944,1.3150371313095093,0.9591671824455261,1.2719066143035889,81.94312507399991
65,-0.024418603628873825,0.06545494496822357,1.315375566482544,0.027882587164640427,25.853318368000146
66,-0.03893686458468437,0.515704870223999,1.0922118425369263,0.46584591269493103,11.05521461499984
67,-0.02778659760951996,0.423551082611084,0.8873199224472046,0.38689127564430237,23.76176905200009
68,-0.04383932799100876,0.9263579249382019,1.2958133220672607,0.8695604801177979,6.977938868000365
69,-0.04285871610045433,0.017939506098628044,1.0731052160263062,-0.035650260746479034,96.53656619599997
70,-0.03446650505065918,0.2939976453781128,0.9904003739356995,0.24962714314460754,24.79646261400012
71,-0.02643662691116333,0.11540574580430984,1.1336040496826172,0.0776330754160881,11.795086897000147
72,-0.03677580878138542,0.7667184472084045,1.1835553646087646,0.7181070446968079,9.582870951000132
73,-0.033537328243255615,0.21188503503799438,1.1105985641479492,0.16724172234535217,25.96001736700009
74,-0.023589981719851494,0.44573843479156494,0.9832068681716919,0.4123164117336273,82.5629799620001
75,-0.018175961449742317,0.37434378266334534,1.294948935508728,0.3432183265686035,30.903303556000083
76,-0.009844607673585415,0.5386395454406738,0.8114904165267944,0.5206800699234009,17.60727470999973
77,-0.01290313620120287,0.537667989730835,1.0878981351852417,0.5138858556747437,6.9651610440000695
78,-0.01910017430782318,0.9372559785842896,1.205632209777832,0.9060994386672974,19.080339314000412
79,-0.015415254049003124,0.8850148916244507,1.1825475692749023,0.8577741384506226,112.65531426400003
80,-0.029637562111020088,1.0003128051757812,1.0843623876571655,0.9598315954208374,9.718830024999988
81,-0.02581601031124592,0.4726901352405548,0.9109751582145691,0.43776434659957886,17.47910082899989
82,-0.03994216397404671,0.40597158670425415,1.1661256551742554,0.3543681502342224,5.723412639999879
83,-0.03339517116546631,0.04930592700839043,1.1958822011947632,0.003951934166252613,51.14744688000019
84,-0.014710325747728348,0.02290922962129116,1.3221135139465332,-0.0050222305580973625,61.255938391999734
85,-0.023280903697013855,0.4514206647872925,1.203769326210022,0.4161020517349243,19.020204958999784
86,-0.04699493572115898,2.338139295578003,1.3199964761734009,2.277944326400757,56.78816161199984
87,-0.04246262088418007,0.6009226441383362,0.8680160045623779,0.5497798323631287,7.862125888999799
88,-0.029049385339021683,0.9490594267845154,1.0324575901031494,0.9096854329109192,48.843976929999826
89,-0.02235623262822628,1.0459522008895874,1.036033034324646,1.0132355690002441,25.536281978999796
90,-0.026697097346186638,0.34472140669822693,1.0866341590881348,0.307157963514328,25.241554641999755
91,-0.05271456763148308,0.41203027963638306,0.883121132850647,0.3504845201969147,39.55667510600006
92,-0.036487795412540436,0.41074100136756897,0.8885575532913208,0.3653676509857178,8.97539290099985
93,-0.02112944982945919,0.20638735592365265,0.9632735252380371,0.17562517523765564,46.76093494099996
94,-0.031143005937337875,0.3377982974052429,1.2676807641983032,0.2939784824848175,44.44811123299996
95,-0.020598487928509712,0.6314429044723511,1.1016924381256104,0.5998275279998779,29.03724014799991
96,-0.03724963217973709,0.46324852108955383,1.1318691968917847,0.41468021273612976,26.349248421000084
97,-0.012735127471387386,1.0057092905044556,0.9967449903488159,0.9830067157745361,17.11680183899989
98,-0.033570945262908936,0.3398495316505432,1.2458865642547607,0.29381972551345825,49.960405464999894
99,-0.02036990225315094,0.11740905046463013,1.1677982807159424,0.08536116778850555,56.80246502399996
100,-0.0013022464700043201,0.5553483963012695,1.0622519254684448,0.5434236526489258,21.074367402999997
101,-0.026595016941428185,0.6456579566001892,1.1710137128829956,0.6073528528213501,33.91570497200064
102,-0.024324918165802956,0.24087733030319214,1.1562780141830444,0.20498962700366974,17.20933722799964
103,-0.014839216135442257,0.011457317508757114,1.2423151731491089,-0.01580505073070526,45.76601766599924
104,-0.033428654074668884,0.015354485251009464,0.9187321066856384,-0.027261491864919662,67.75926060199981
105,-0.026485757902264595,0.38408219814300537,1.2711900472640991,0.3448845148086548,14.930966708000597
106,-0.04790898412466049,0.2361033707857132,1.1955771446228027,0.17623862624168396,32.932872592999956
107,-0.04008116200566292,0.023406043648719788,0.948816180229187,-0.02616328001022339,12.820586030999948
108,-0.035244282335042953,0.3843836784362793,1.2349649667739868,0.3367897570133209,52.191059472000234
109,-0.034081824123859406,1.3498973846435547,1.102278232574463,1.3047927618026733,60.77194793799936
110,-0.005658243782818317,1.0466002225875854,0.8983147144317627,1.031958818435669,23.492501845000334
111,-0.03521278128027916,1.0313588380813599,1.0801260471343994,0.9853448271751404,19.40483971500089
112,-0.008302615955471992,0.2862260937690735,1.062978982925415,0.26729366183280945,20.513069106999865
113,-0.032487962394952774,0.5232237577438354,1.0669326782226562,0.4800664782524109,43.80893313300021
114,-0.042124852538108826,0.7021392583847046,1.2074311971664429,0.6479400992393494,21.978602602000137
115,-0.010428447276353836,0.9304019212722778,1.218403697013855,0.9077894687652588,53.307593853999606
116,-0.037821248173713684,0.2060246467590332,0.961220383644104,0.15859119594097137,30.451146872999743
117,-0.037405695766210556,0.03988445922732353,1.1008107662200928,-0.008529343642294407,19.28869734699947
118,-0.025104258209466934,0.5072703957557678,1.0164799690246582,0.4720013439655304,48.292224678999446
119,-0.021568872034549713,0.5825139880180359,1.0887911319732666,0.5500571727752686,24.49960271999953
120,-0.024121969938278198,1.2573113441467285,0.940128743648529,1.2237880229949951,40.855524221999985
121,-0.04606165364384651,0.030115019530057907,1.2786927223205566,-0.02873356081545353,42.87959941100053
122,-0.032074905931949615,0.7491690516471863,1.238525152206421,0.7047088742256165,8.81978603799962
123,-0.04329465702176094,0.6958199739456177,0.9018524885177612,0.6435067653656006,38.7774071369995
124,0.0015448927879333496,1.357028841972351,0.8915807008743286,1.3496578931808472,25.547656824000114
125,-0.03038005530834198,0.6077168583869934,1.2186558246612549,0.5651502013206482,43.019608923000305
126,-0.05493242293596268,0.397951602935791,1.3449755907058716,0.32956942915916443,55.35058099800062
127,-0.03121461160480976,0.8580319881439209,1.1245546340942383,0.8155718445777893,20.364398781999625
128,-0.035987693816423416,0.5242239832878113,1.3979299068450928,0.4742569923400879,21.454197637000107
129,-0.012918174266815186,0.6593248844146729,1.0080111026763916,0.6363266110420227,15.51874247700016
130,-0.02330656349658966,0.3026966452598572,1.3068275451660156,0.2663218080997467,50.19944996800041
131,-0.011840024031698704,0.012275581248104572,0.9397088289260864,-0.008961530402302742,67.07971551799983
132,-0.033223286271095276,0.295343816280365,1.0067604780197144,0.2520529329776764,6.440268940999886
133,-0.04186180233955383,0.7137658596038818,1.0351359844207764,0.6615527272224426,21.832617910999943
134,-0.03974909707903862,0.0968165472149849,1.2239376306533813,0.04482807219028473,13.890785411999786
135,-0.021389633417129517,0.3102111518383026,1.0251073837280273,0.2785704433917999,58.439384078999865
136,-0.045557644218206406,0.10810866206884384,1.2031794786453247,0.05051922798156738,72.90584283499993
137,-0.046489689499139786,0.29953107237815857,1.1811840534210205,0.24122954905033112,12.101257862999773
138,-0.01800229400396347,0.29504504799842834,1.1952720880508423,0.2650900185108185,13.418581298999925
139,-0.023355670273303986,0.028785835951566696,1.4077684879302979,-0.008647519163787365,8.439820880999832
140,0.008214599452912807,1.2001334428787231,0.874506950378418,1.1996029615402222,56.76926791400001
141,-0.045710258185863495,0.8341785669326782,0.9929772019386292,0.7785385251045227,76.75809725899944
142,-0.051871318370103836,0.020098838955163956,1.3672316074371338,-0.0454447939991951,6.831923422000727
143,-0.015091928653419018,0.8894404768943787,1.133424997329712,0.863014280796051,21.190538766999452
144,-0.018737345933914185,1.8241186141967773,0.9377176761627197,1.7960041761398315,14.273431097999492
145,-0.045776065438985825,0.23688314855098724,1.0368708372116089,0.18073837459087372,43.89983624700017
146,-0.029645437374711037,0.41474440693855286,1.1975398063659668,0.37312355637550354,79.11811020999994
147,-0.009407524019479752,0.5568630695343018,1.0684529542922974,0.5367709994316101,13.064730885000245
148,-0.034089475870132446,0.8283780813217163,1.1275666952133179,0.7830129861831665,9.350281953000376
149,-0.02690567821264267,1.1414363384246826,1.08534574508667,1.1036772727966309,25.533315423000204
150,-0.051506079733371735,0.02368069998919964,1.0636552572250366,-0.03846193104982376,28.78429365300053
151,-0.04868227615952492,0.30309125781059265,1.0549789667129517,0.243859201669693,82.39943802899961
152,0.008983403444290161,0.8475316762924194,0.9488955140113831,0.8470261096954346,14.802940745999877
153,-0.025612933561205864,0.9844251871109009,0.9237484931945801,0.9495747685432434,13.540758203999758
154,-0.054427023977041245,0.11544673889875412,0.9708402752876282,0.05131131410598755,39.73669262600015
155,-0.01040525920689106,0.6607510447502136,1.0520684719085693,0.6398251056671143,26.24470295500032
156,-0.03335567191243172,0.029182391241192818,0.9568334817886353,-0.013741615228354931,74.84773063800003
157,-0.015333332121372223,0.0275426022708416,1.0353546142578125,0.0018557244911789894,13.61500134400012
158,0.012393135577440262,1.1468119621276855,0.9120184779167175,1.1500848531723022,13.168113677999827
159,-0.027883833274245262,0.41665753722190857,1.114605188369751,0.3776276707649231,49.20324818900008
160,-0.01541976910084486,0.6440550684928894,1.1524990797042847,0.6171103119850159,59.0606093360002
161,-0.013179479166865349,0.13411091268062592,1.1492592096328735,0.10943883657455444,28.17997754999942
162,-0.04743942618370056,0.9564231038093567,1.632779836654663,0.8926559090614319,19.23134844499964
163,-0.038854844868183136,0.028153803199529648,1.064152479171753,-0.0213425662368536,26.72446922099971
164,-0.015806330367922783,0.34100526571273804,1.0591756105422974,0.3146072030067444,25.565341401000296
165,-0.007490972056984901,0.3042936325073242,0.8482992649078369,0.2883196771144867,80.87156667900035
166,-0.010004209354519844,0.05041535198688507,0.8853664398193359,0.03155747801065445,15.05855696799972
167,-0.03891004994511604,0.027035990729928017,1.2078888416290283,-0.023952946066856384,8.041775304000112
168,-0.05530819296836853,1.0100042819976807,1.057811975479126,0.9441179633140564,27.916877456999828
169,-0.036424536257982254,2.0716712474823,1.2813844680786133,2.022432804107666,32.576418125999226
170,-0.04389691725373268,0.4182945191860199,1.1354119777679443,0.36304348707199097,66.6240340029999
171,-0.021021949127316475,0.29539287090301514,1.041862964630127,0.2639522850513458,26.63138463299947
172,-0.04357210174202919,1.1466389894485474,1.2072765827178955,1.090994119644165,6.972105795000061
173,-0.030150916427373886,0.5363458395004272,1.0169436931610107,0.4960255026817322,36.11771670899998
174,-0.0434957779943943,0.025063034147024155,1.2134644985198975,-0.030567388981580734,30.254763630000525
175,-0.015740934759378433,0.5792732238769531,1.1242117881774902,0.5522902011871338,85.01101929700053
176,-0.016077028587460518,0.7833273410797119,1.0929237604141235,0.7563210725784302,6.731824368999696
177,-0.02112477645277977,0.23940350115299225,1.0230165719985962,0.20804855227470398,30.210636148999583
178,-0.049046654254198074,0.9246241450309753,1.160691261291504,0.8639705777168274,27.158056780999686
179,-0.006643179338425398,0.6731745600700378,0.9406260251998901,0.6571251153945923,7.134543498999847
180,-0.020866531878709793,0.20312991738319397,1.1063244342803955,0.17120014131069183,79.88496757699977
181,-0.011017232201993465,0.6049404740333557,0.9799385666847229,0.5841239094734192,30.076070936999713
182,-0.020568005740642548,0.7298632860183716,1.0346916913986206,0.6989483833312988,43.763886775000174
183,-0.045138996094465256,0.3895280063152313,1.2153935432434082,0.33223509788513184,6.946360166999511
184,-0.015479741618037224,0.7191373109817505,0.8696735501289368,0.6949608325958252,27.953461637000146
185,-0.03480501100420952,0.11405256390571594,1.306264042854309,0.06618490815162659,76.43736518100013
186,-0.05354718491435051,0.022763721644878387,1.1365234851837158,-0.04214869812130928,17.97830372899989
187,-0.04111195728182793,0.019373103976249695,1.1488505601882935,-0.033227358013391495,40.673138289000235
188,-0.024836285039782524,0.1924305111169815,0.9635938405990601,0.1579582840204239,8.813870323000629
189,-0.01192616019397974,0.409872442483902,1.1549385786056519,0.3863968849182129,32.628430822000155
190,-0.03671415150165558,0.5915502905845642,1.0244179964065552,0.5445919632911682,57.77057513299951
191,-0.026810841634869576,0.022846555337309837,1.0717302560806274,-0.014681588858366013,22.69350551000025
192,-0.011522164568305016,1.2499806880950928,0.7945559024810791,1.2305129766464233,46.83900478800024
193,-0.03501581773161888,1.8386064767837524,1.2371591329574585,1.7912191152572632,8.039964259000044
194,-0.043866559863090515,0.34213510155677795,1.1182761192321777,0.28708580136299133,42.72053482299998
195,-0.0368632972240448,0.3046402335166931,1.1371111869812012,0.2564058303833008,43.615747376999934
196,-0.02494715340435505,1.1392325162887573,1.0161393880844116,1.1041239500045776,32.746894445999715
197,-0.03673597797751427,0.347791463136673,1.1333497762680054,0.29972198605537415,24.246748237000247
198,-0.04117978364229202,0.04879267141222954,1.2149583101272583,-0.004536694847047329,25.05783457799953
199,-0.02522679790854454,0.2122122049331665,1.0738364458084106,0.17624704539775848,56.9129438129994
200,-0.03725244104862213,0.3917863667011261,1.1128042936325073,0.3434058725833893,47.31193873600023
201,-0.005532857961952686,0.940599262714386,0.9082173109054565,0.9259842038154602,20.015362346000074
202,-0.03854667767882347,0.9923008680343628,1.2324389219284058,0.9414297938346863,19.032506733000446
203,-0.023908790200948715,0.29971829056739807,1.1843352317810059,0.2639661431312561,49.68136824700014
204,-0.05118017643690109,0.02457532472908497,1.0285922288894653,-0.036890774965286255,41.41276569400088
205,-0.029222600162029266,1.4453837871551514,1.130006194114685,1.4048610925674438,21.379652480000004
206,-0.0348665751516819,0.5123178958892822,1.146490216255188,0.465986430644989,33.827199511999424
207,-0.03614359349012375,2.211350917816162,1.0540088415145874,2.1646673679351807,38.421852637000484
208,-0.0331532284617424,0.29047292470932007,1.0866625308990479,0.24645306169986725,33.423626310000145
209,-0.035163749009370804,0.8947910666465759,1.0712330341339111,0.8489149808883667,82.44021488399994
210,-0.045364946126937866,0.2229403853416443,1.2380675077438354,0.16519476473331451,7.872863913000401
211,-0.026782270520925522,0.6087057590484619,0.9405131936073303,0.5725183486938477,32.177949050999814
212,-0.02298744022846222,0.4189945459365845,0.9369397759437561,0.38663771748542786,27.88118232800025
213,-0.03717222809791565,0.6153516173362732,1.062912940979004,0.5675502419471741,26.554540809999708
214,-0.03212312236428261,0.44062331318855286,1.1501541137695312,0.39699864387512207,53.87707527299972
215,-0.03277844935655594,0.5157415866851807,0.9734700322151184,0.47322845458984375,37.24412151500019
216,-0.03392982855439186,0.9061640501022339,0.88777756690979,0.8633564710617065,18.433250363000298
217,-0.02522289752960205,0.4794832766056061,0.939885675907135,0.4448615312576294,40.10981967099997
218,-0.033540841192007065,0.15251027047634125,1.1529170274734497,0.10744025558233261,29.735942606999743
219,-0.03377050906419754,0.5127227902412415,0.9610016942024231,0.46934226155281067,58.05864724799994
220,-0.03786362335085869,1.1014485359191895,1.4214986562728882,1.0493699312210083,32.07364551699902
221,-0.008323363028466702,0.596423864364624,1.1310251951217651,0.5767902135848999,12.06827096699999
222,-0.02502201683819294,0.6512930989265442,1.2404654026031494,0.61386638879776,34.19321377099914
223,-0.015751425176858902,1.2344785928726196,0.8730283975601196,1.2099968194961548,62.71348415900138
224,-0.037646446377038956,0.20619483292102814,1.0244463682174683,0.15830393135547638,53.63677928099969
225,-0.03994429484009743,0.46921393275260925,1.0661282539367676,0.4186083674430847,16.651534407001236
226,-0.04046054556965828,0.02003607153892517,1.2125585079193115,-0.032550059258937836,7.213942472000781
227,-0.03493907302618027,0.38293325901031494,1.1233810186386108,0.33676037192344666,32.000957941001616
228,-0.020397674292325974,0.5816085338592529,0.9493907690048218,0.5517169833183289,55.91967297799965
229,-0.06251709908246994,0.6677590608596802,1.0522232055664062,0.5947197079658508,38.58246902799874
230,-0.01980426535010338,0.653045117855072,1.096421718597412,0.6222766637802124,21.55965653900057
231,-0.029877565801143646,0.2916899025440216,1.281959056854248,0.24899274110794067,10.729094630998588
232,-0.016807563602924347,0.30029430985450745,1.0098365545272827,0.2733883857727051,43.83604848599862
233,-0.033510755747556686,0.17252470552921295,1.4222878217697144,0.12479107081890106,65.35290166699997
234,-0.03956599533557892,0.25435248017311096,1.1400328874588013,0.20338615775108337,34.131010737000906
235,0.09649106860160828,0.9044400453567505,1.0293701887130737,0.9906374216079712,20.045790647000103
236,-0.03136240690946579,0.3912259042263031,1.131407380104065,0.34854942560195923,25.9324547239994
237,-0.013148127123713493,0.6105292439460754,1.0175936222076416,0.587205171585083,25.56976826400023
238,-0.027381030842661858,0.8780108094215393,1.279968023300171,0.837830126285553,81.58015462799995
239,-0.04152743145823479,0.7748802304267883,1.152333378791809,0.7218294739723206,11.610050384000715
240,-0.048976656049489975,1.1644622087478638,1.4215342998504639,1.1012701988220215,15.366815379999025
241,-0.02285318821668625,0.7900025248527527,1.0689481496810913,0.7564598321914673,33.76294608799981
242,-0.04875984415411949,0.6438632011413574,1.1265984773635864,0.5838373899459839,46.96003234900127
243,-0.00016844854690134525,0.20530757308006287,0.882188618183136,0.19631724059581757,55.270377274000566
244,-0.045394398272037506,0.5813695192337036,1.3504270315170288,0.5224708318710327,32.83189791299992
245,-0.030734393745660782,0.2477986216545105,1.000968098640442,0.20705455541610718,8.49725345600018
246,-0.02609780989587307,0.8124955296516418,1.2208411693572998,0.774189293384552,33.11301776799883
247,-0.026367047801613808,0.6468839645385742,0.986510694026947,0.6106517910957336,33.902705644999514
248,-0.02593608945608139,0.1106279194355011,1.3727058172225952,0.0709647685289383,54.3397925549998
249,-0.00597489345818758,0.6644737720489502,0.8075326085090637,0.6504235863685608,36.0632533349999
250,-0.033979546278715134,0.367678701877594,0.9457176327705383,0.3242419958114624,24.67628303499987
251,-0.031312063336372375,0.29326730966567993,1.1998003721237183,0.24995726346969604,25.28482598500159
252,-0.03969170153141022,0.9358231425285339,1.214218020439148,0.8839892745018005,24.795461855999747
253,-0.03200622648000717,0.29131436347961426,1.2324765920639038,0.2469833642244339,47.9451722190006
254,-0.0367264524102211,0.8579959273338318,1.1190824508666992,0.8100786209106445,42.456637186998705
255,-0.018623685464262962,0.8941744565963745,1.118545651435852,0.86436527967453,32.25556932700056
256,-0.041720665991306305,0.02322012558579445,1.2422508001327515,-0.03092304803431034,41.21258987600049
257,-0.03514377772808075,0.0204341858625412,1.2857846021652222,-0.027567438781261444,12.26978030600003
258,-0.039662886410951614,2.5241150856018066,1.1435554027557373,2.4730167388916016,60.521761222998975
259,-0.02699471451342106,0.016447577625513077,1.1919000148773193,-0.022466138005256653,38.425601421000465
260,-0.03514308109879494,0.33692824840545654,1.1400593519210815,0.29038459062576294,25.181774860999212
261,-0.028728939592838287,0.21272851526737213,1.05861234664917,0.1734134405851364,30.769292384000437
262,-0.00982293114066124,0.02623363584280014,1.056046724319458,0.0058502377942204475,22.93418974799897
263,-0.06893245875835419,0.38753142952919006,1.104742169380188,0.3075515627861023,69.7028767869997
264,-0.009361758828163147,0.456484317779541,0.9709064364433289,0.4374135136604309,25.06933517499965
265,-0.02753681130707264,0.4173524081707001,0.9718521237373352,0.38009709119796753,31.486017269999138
266,0.03667094185948372,0.28107553720474243,0.8794063925743103,0.3089524209499359,23.92307662699932
267,-0.03595394641160965,0.019847072660923004,1.4300732612609863,-0.030407605692744255,24.112005684000906
268,-0.02451418526470661,0.02050573192536831,0.9467518329620361,-0.013475971296429634,45.34518124600072
269,-0.017128946259617805,0.2993530035018921,1.0218807458877563,0.27200525999069214,47.49354722099997
270,-0.017491593956947327,0.6096296310424805,1.0931402444839478,0.5812066793441772,35.281027120001454
271,-0.028578411787748337,1.1290067434310913,1.0866605043411255,1.0895617008209229,22.17358163100107
272,-0.027189990505576134,1.1715110540390015,0.8153292536735535,1.1361677646636963,24.52203718399869
273,-0.022898489609360695,1.1102198362350464,1.1373391151428223,1.0759479999542236,36.730563556999186
274,-0.0456002801656723,0.37222155928611755,1.3417621850967407,0.3132036626338959,65.93101321700124
275,-0.04542458429932594,0.38045212626457214,1.4635539054870605,0.32039201259613037,25.311310346000027
276,-0.04411311447620392,0.4269943833351135,1.141984224319458,0.3714614510536194,35.17128927600061
277,-0.0533636212348938,0.12207408994436264,1.050957202911377,0.0582008957862854,16.22035304000019
278,-0.02691681683063507,0.020398804917931557,1.1977075338363647,-0.018495086580514908,23.753882285000145
279,-0.01568777486681938,0.013122761622071266,1.3094816207885742,-0.01565982960164547,83.57668269699934
280,-0.03369063511490822,0.11186616867780685,0.9952399134635925,0.06822313368320465,27.387332684000285
281,-0.04039924591779709,0.5110968947410583,1.2311373949050903,0.45838627219200134,10.095121569000185
282,-0.022268133237957954,0.6642423272132874,0.9239631295204163,0.6327345967292786,14.615239107000889
283,-0.024616587907075882,0.6959233283996582,1.0033791065216064,0.6612729430198669,50.64038202700067
284,-0.012709217146039009,0.2666686177253723,1.003058910369873,0.24392880499362946,107.37190697500046
285,-0.019205085933208466,1.8554211854934692,1.2222801446914673,1.8239933252334595,30.237055003000933
286,-0.026017840951681137,1.0111273527145386,1.1270956993103027,0.9738385677337646,13.783131326999865
287,-0.030521513894200325,1.1219463348388672,1.2782443761825562,1.0786423683166504,21.301311199998963
288,-0.02295912243425846,0.06259389966726303,1.2711260318756104,0.026923518627882004,15.07434340600048
289,-0.01860932447016239,0.07056490331888199,1.3139986991882324,0.03881559520959854,64.91914136499872
290,-0.03396225348114967,0.25779446959495544,1.0243295431137085,0.2135889232158661,20.24252777000038
291,-0.04039740934967995,0.1433659791946411,1.3197736740112305,0.0897708386182785,38.50602088300002
292,-0.03724109008908272,0.2975524663925171,1.2086666822433472,0.24822470545768738,15.09835524600021
293,-0.001899332390166819,0.305298388004303,1.0750495195388794,0.2926485538482666,33.29328188399995
294,-0.0370827354490757,0.4184381067752838,1.1425719261169434,0.3699296712875366,61.3301077619999
295,-0.038750626146793365,0.42172300815582275,1.1123334169387817,0.37184906005859375,21.22035278600015
296,-0.030633609741926193,0.602070152759552,1.2128390073776245,0.5593081116676331,28.459206829000323
297,-0.044949281960725784,0.6311537623405457,1.263481855392456,0.573569655418396,30.83631012099977
298,-0.016216833144426346,0.5365897417068481,0.8821133971214294,0.5115517973899841,36.88694506199863
299,-0.03322843089699745,0.4306449890136719,0.9902102947235107,0.38751447200775146,57.09598088100029
300,-0.039771534502506256,1.0846970081329346,1.0416991710662842,1.034508466720581,34.688777359000596
301,-0.03581743314862251,0.257624089717865,1.0269063711166382,0.21153759956359863,15.880960942999081
302,-0.04037657752633095,0.5158409476280212,1.070238709449768,0.46476197242736816,31.23549636200005
303,0.05006050691008568,0.2269469052553177,1.0245217084884644,0.2667621970176697,53.18424737100031
304,-0.02470584586262703,0.4172380864620209,1.0744903087615967,0.38178732991218567,57.36324060100014
305,-0.011803055182099342,0.6912513971328735,1.0050874948501587,0.6693974733352661,21.096278885001084
306,-0.028377722948789597,0.6829164624214172,1.162096619606018,0.642917811870575,16.03284953000002
307,0.05351099371910095,1.075407862663269,1.046161413192749,1.118457317352295,16.426063442000668
308,-0.030318107455968857,0.5459150671958923,1.1804792881011963,0.5037921667098999,64.07220933499957
309,-0.04097766429185867,0.11896651238203049,1.040468692779541,0.06758416444063187,39.75588329299899
310,-0.02899683266878128,0.015028324909508228,1.0344089269638062,-0.024312596768140793,35.94318488099998
311,-0.0261346735060215,0.7108796238899231,1.1771883964538574,0.672973096370697,6.892583180000656
312,0.003843148471787572,1.2096799612045288,1.0015802383422852,1.2035073041915894,27.447263613999894
313,-0.03106250986456871,1.0788073539733887,1.0047072172164917,1.0376977920532227,62.31664011099929
314,-0.008529214188456535,0.6725032925605774,0.7961006760597229,0.6560130715370178,58.680076126998756
315,-0.011430063284933567,0.4070133566856384,1.1806113719940186,0.3837772011756897,19.52688801899967
316,-0.02673734910786152,0.019254444167017937,1.2168853282928467,-0.019651757553219795,8.800013718999253
317,-0.01964656077325344,0.914837658405304,1.189082145690918,0.883300244808197,22.928523743999904
318,-0.023127742111682892,0.4620313346385956,1.0988460779190063,0.42791512608528137,50.673360469001636
319,-0.030689427629113197,0.2926640510559082,1.0527713298797607,0.251446932554245,85.13111423299961
320,-0.027470408007502556,0.018128452822566032,1.2151992321014404,-0.021493947133421898,9.381858389000627
321,-0.016279591247439384,0.5203645825386047,1.029624342918396,0.4937887489795685,22.573045318000368
322,-0.05848739296197891,1.0533208847045898,1.3435235023498535,0.9813982248306274,11.249163480999414
323,-0.054374776780605316,0.3032803535461426,1.0490319728851318,0.23841525614261627,40.93912603300123
324,-0.017082439735531807,0.296612411737442,1.0374363660812378,0.2691555917263031,74.71090953400017
325,-0.020768841728568077,0.37485700845718384,1.4042326211929321,0.34004583954811096,42.717137175999596
326,-0.018725857138633728,0.4754061698913574,1.0823113918304443,0.4458571970462799,14.735489505999794
327,-0.015538088977336884,0.563388466835022,1.0813899040222168,0.5370364785194397,10.73044969699913
328,-0.022704027593135834,0.48637568950653076,1.222549557685852,0.45144614577293396,42.548131682999156
329,-0.04154819995164871,0.11979718506336212,1.0532156229019165,0.06771682947874069,51.253639992999524
330,-0.023259470239281654,0.018935909494757652,1.201228141784668,-0.01633584126830101,37.59695165000085
331,-0.04028752073645592,0.6116047501564026,0.967487633228302,0.5616424083709717,27.31624505900072
332,-0.04695643112063408,0.4733331501483917,1.1311887502670288,0.41506484150886536,18.315999213000396
333,-0.034829337149858475,1.0048760175704956,1.2317514419555664,0.957729160785675,45.904355607999605
334,-0.0425637811422348,0.10318216681480408,1.2438181638717651,0.04818020388484001,44.53317435600002
335,-0.005676889326423407,0.41215410828590393,0.7879216074943542,0.39859798550605774,43.398381511999105
336,0.027834121137857437,0.6531158685684204,1.0687203407287598,0.6702627539634705,32.18158333300016
337,-0.02665344439446926,0.504230260848999,1.0304421186447144,0.46727240085601807,12.002853931999198
338,0.018271420150995255,0.4182121157646179,1.2039552927017212,0.4244439899921417,44.4417316020008
339,-0.01751360483467579,1.8905938863754272,0.8689069151878357,1.8643912076950073,33.174764874000175
340,-0.016121163964271545,0.25553378462791443,1.1849098205566406,0.2275635302066803,55.43286988
341,-0.03432955965399742,0.2167471945285797,1.3096340894699097,0.16932128369808197,46.933639976999984
342,-0.053592029958963394,0.1968233585357666,1.0736687183380127,0.13249464333057404,8.991905240000051
343,0.008161243982613087,0.6892279982566833,0.8673489689826965,0.6887157559394836,27.755114433000927
344,-0.02025423012673855,1.042976975440979,0.9557443261146545,1.0131652355194092,29.325097740000274
345,-0.003945436328649521,0.8562481999397278,1.0359028577804565,0.8419437408447266,52.38494976000038
346,-0.02750484086573124,1.1825788021087646,1.1005433797836304,1.1440685987472534,88.59115495500009
347,-0.05387409031391144,1.0297620296478271,1.0236157178878784,0.96565181016922,8.28818110300017
348,-0.017232263460755348,0.10620348155498505,0.9628158807754517,0.07934305816888809,37.23833224600094
349,-0.015201456844806671,0.33490386605262756,0.9242925643920898,0.3104594945907593,8.355949983000755
350,-0.016807325184345245,0.49592122435569763,1.2190024852752686,0.46692389249801636,39.33803145099955
351,-0.03442280367016792,0.9636510014533997,1.0426428318023682,0.9188017845153809,44.72893510799986
352,-0.036217495799064636,0.4198167324066162,1.1764370203018188,0.3718348443508148,17.51482824100094
353,-0.02074446715414524,0.6778056025505066,1.1242493391036987,0.6458186507225037,44.06997055000102
354,-0.03412586823105812,1.11492919921875,1.0506917238235474,1.0702964067459106,37.10998540299988
355,-0.02790566347539425,0.5946707725524902,1.1561497449874878,0.5552036166191101,13.830434506000529
356,-0.039687629789114,0.25661876797676086,1.228842854499817,0.20464271306991577,62.12051298300139
357,-0.029599174857139587,0.20698772370815277,1.0692552328109741,0.1666959971189499,14.309773196000606
358,-0.021601898595690727,0.29585790634155273,1.1374539136886597,0.26288148760795593,53.75520097699882
359,-0.015481656417250633,1.113765835762024,1.0151560306549072,1.088132619857788,34.202310758999374
360,-0.021403802558779716,0.3811188042163849,1.3607101440429688,0.3461079001426697,12.78043652999986
361,-0.01295164693146944,0.11271935701370239,1.4252204895019531,0.08551549911499023,55.52812991199971
362,-0.025787577033042908,0.11721740663051605,1.2762552499771118,0.07866727560758591,34.19144727700041
363,-0.027184762060642242,0.850967526435852,1.213387131690979,0.8116488456726074,48.78104297799837
364,-0.024086372926831245,0.5617765784263611,1.2223836183547974,0.5254663825035095,51.14243188900036
365,-0.012643166817724705,0.36646172404289246,1.0614608526229858,0.34320396184921265,25.37887023699841
366,-0.025864437222480774,0.37776702642440796,1.2544324398040771,0.33935827016830444,10.779294224001205
367,0.0027628112584352493,0.36970850825309753,1.2617979049682617,0.3598533570766449,26.20787003999976
368,-0.03353129327297211,0.5244378447532654,1.122861623764038,0.4796779155731201,46.609372726999936
369,-0.015221977606415749,0.20642247796058655,0.8394705057144165,0.18280579149723053,55.52745323099953
370,-0.03438778966665268,0.3818686008453369,1.0958095788955688,0.3365226984024048,25.70649230900017
371,-0.03578299283981323,1.1704870462417603,1.0060728788375854,1.124643325805664,24.76916395399894
372,-0.02924460917711258,0.47606298327445984,1.2034002542495728,0.4347843825817108,25.14995716299927
373,-0.032018184661865234,0.39271968603134155,1.3373486995697021,0.3473280072212219,36.38279722699917
374,-0.016357947140932083,0.211176335811615,1.2966065406799316,0.181852325797081,87.43261642800098
375,-0.034817181527614594,0.02753422036767006,1.213502049446106,-0.019417982548475266,7.142108988999098
376,-0.04378795996308327,0.48662981390953064,1.027891755104065,0.4325629472732544,26.264725633000126
377,-0.033725906163454056,1.0752161741256714,0.9398349523544312,1.0320919752120972,22.175839114001064
378,-0.04249054566025734,0.42544296383857727,1.1203974485397339,0.3717484474182129,40.138756850999926
379,-0.0487636923789978,1.357986569404602,1.0114697217941284,1.2991082668304443,81.77982637799869
380,-0.023029251024127007,0.4830230176448822,0.8807852864265442,0.451185941696167,18.85548036200089
381,-0.07026880234479904,0.2021797150373459,1.123957633972168,0.120671346783638,33.90552329000093
382,-0.024624302983283997,0.012199084274470806,0.9055895805358887,-0.021481115370988846,10.65087446600046
383,-0.03207666054368019,0.7982364892959595,1.1776634454727173,0.7543832063674927,23.322102373000234
384,-0.02196679636836052,0.5536672472953796,1.0794365406036377,0.5209060907363892,84.74221883300015
385,-0.038081053644418716,0.023410513997077942,0.9687606692314148,-0.024358145892620087,36.703599042999485
386,-0.01599559746682644,0.02353842370212078,1.2243196964263916,-0.004700370132923126,16.065775288001532
387,-0.01619269885122776,0.294729083776474,0.9990370273590088,0.2685460150241852,8.370157469998958
388,-0.03409377858042717,0.9559927582740784,1.242085337638855,0.9094781279563904,21.701115362000564
389,-0.034665387123823166,0.5208308696746826,1.19783353805542,0.4741871654987335,94.01713150199976
390,-0.049092769622802734,0.11818476766347885,1.0353283882141113,0.05873871594667435,31.646746141999756
391,-0.029951827600598335,1.826116681098938,1.0567647218704224,1.7855972051620483,19.023060438001266
392,-0.025244345888495445,0.6952296495437622,0.7263063788414001,0.6627222299575806,23.89400075500089
393,-0.0206610020250082,0.5290719866752625,1.1956127882003784,0.4964548647403717,11.515796862999196
394,-0.03565605729818344,0.17303216457366943,1.0723201036453247,0.12665289640426636,92.29338990900033
395,-0.01945938542485237,0.6028258800506592,0.9846234321594238,0.573520302772522,15.525176560000546
396,-0.028181470930576324,0.8966764807701111,1.0976858139038086,0.8575181365013123,33.1692848269995
397,-0.03172167390584946,0.023798257112503052,1.4239097833633423,-0.02216251567006111,16.16466735600079
398,-0.01828545518219471,0.41447505354881287,1.095999836921692,0.38522958755493164,20.189150313000937
399,-0.03231804445385933,0.21530959010124207,1.013803482055664,0.1728535145521164,88.81097506699916
400,-0.034265827387571335,0.10738848149776459,1.0192774534225464,0.06292987614870071,25.017373114000293
401,-0.024371393024921417,0.45870575308799744,0.9411121010780334,0.42492324113845825,8.206672967000486
402,-0.024426249787211418,0.6408186554908752,1.0363492965698242,0.6060289144515991,42.409711927999524
403,-0.01573382504284382,0.20096060633659363,1.2256368398666382,0.17297041416168213,31.187090957999317
404,-0.024814236909151077,0.829237699508667,0.8820737600326538,0.7956027388572693,59.57638428000064
405,-0.02491430751979351,0.6568938493728638,1.076015591621399,0.6212193965911865,33.658585596000194
406,0.0025579750072211027,0.2519165873527527,1.0856528282165527,0.24361802637577057,19.2167440000012
407,-0.009537811391055584,0.018618369475007057,1.2053872346878052,-0.0029733143746852875,31.89484213799915
408,-0.023251373320817947,0.6013091206550598,1.083778738975525,0.5672199726104736,31.745992555999692
409,-0.03984866663813591,0.4066019058227539,0.967536449432373,0.3570778965950012,55.570886934001464
410,-0.047864217311143875,0.6112473607063293,1.134048342704773,0.5520426630973816,35.301110577000145
411,-0.04002336412668228,0.3828456401824951,1.3908114433288574,0.32891416549682617,23.932919009001125
412,-0.032990463078022,0.4156794250011444,1.2223705053329468,0.3704652786254883,44.54924699299954
413,-0.03032728098332882,0.2957642376422882,1.127387523651123,0.25416308641433716,43.28784043300038
414,-0.029862897470593452,0.02565094828605652,1.310412049293518,-0.017316069453954697,34.376355327000056
415,0.06075483188033104,0.6136171221733093,0.9722456932067871,0.664649486541748,50.56658893200074
416,-0.016611916944384575,0.9531420469284058,1.2319903373718262,0.9242101907730103,13.343991608000579
417,-0.03159603476524353,0.38188084959983826,1.314867377281189,0.3371361494064331,41.84618937400046
418,-0.02371850609779358,0.28417766094207764,0.9765198230743408,0.2506939470767975,48.45863311799985
419,-0.025400040671229362,1.6677117347717285,1.039014458656311,1.6319215297698975,8.2511689439998
420,-0.02962472289800644,0.4865197241306305,1.2468565702438354,0.44442641735076904,61.60481591400094
421,-0.02076861262321472,0.37635067105293274,1.1158030033111572,0.3444240391254425,12.561487667999245
422,-0.05232871696352959,0.29457491636276245,1.134419560432434,0.23090200126171112,52.982808137001484
423,-0.037317752838134766,0.3006926476955414,1.0569039583206177,0.2528058588504791,28.37833433200103
424,-0.021176397800445557,0.5766487717628479,0.9483850002288818,0.5459885001182556,31.263254005998533
425,-0.0276829544454813,0.39255014061927795,1.067812204360962,0.35418906807899475,48.03590361299939
426,-0.03335120156407356,0.327955961227417,1.2807458639144897,0.28179728984832764,31.428667468999265
427,-0.03230958804488182,0.02281554415822029,0.9213749766349792,-0.018707793205976486,24.31931301199984
428,-0.034862715750932693,0.10933876782655716,1.075520396232605,0.06372084468603134,45.618324981000114
429,0.10881802439689636,0.4610263705253601,1.3868294954299927,0.5559760928153992,61.11717721799869
430,0.015212364494800568,0.990203857421875,1.181922197341919,0.9935970306396484,16.84890037399964
431,-0.03779200091958046,0.5698713064193726,1.1989960670471191,0.520089328289032,38.88725856900055
432,-0.00428035156801343,0.2961224913597107,1.0719999074935913,0.2811221480369568,21.13555508399986
433,-0.022387605160474777,0.538934051990509,1.0641392469406128,0.505905032157898,5.159577189000629
434,-0.02707277610898018,0.4866165220737457,0.9594103097915649,0.44994962215423584,100.53138597699945
435,-0.036622654646635056,0.7389035224914551,1.1068593263626099,0.6912122964859009,31.772356195999237
436,-0.027363397181034088,0.8294011354446411,1.324460506439209,0.7887930870056152,26.653920181001013
437,-0.029181135818362236,0.4429478943347931,1.1883529424667358,0.40188324451446533,8.110741084001347
438,-0.023586062714457512,0.4522688388824463,1.2451350688934326,0.4162314236164093,19.408022600999175
439,-0.027734393253922462,0.5339679718017578,1.1826269626617432,0.4944072961807251,97.8632178959997
440,-0.033316634595394135,0.2525547742843628,1.2135040760040283,0.20710308849811554,20.263529506999475
441,-0.028420554473996162,0.7201254367828369,0.9581817984580994,0.682123064994812,33.47603937700114
442,-0.03674707189202309,1.4339560270309448,1.0753567218780518,1.3864554166793823,11.765363585998784
443,-0.045249588787555695,0.19947580993175507,1.2448654174804688,0.14177756011486053,36.29340075399887
444,-0.02271212264895439,0.8182409405708313,0.8529048562049866,0.7869997620582581,65.49625371199909
445,-0.016656262800097466,0.11456795781850815,1.2954442501068115,0.08495724946260452,40.43504047100032
446,-0.020723966881632805,0.8706294298171997,1.0086233615875244,0.8398192524909973,7.312352389000807
447,-0.0395716056227684,0.2926543056964874,1.1463600397109985,0.24161909520626068,38.083945839998705
448,-0.03593660145998001,0.8415372371673584,1.28482985496521,0.7927523255348206,51.35744839099971
449,-0.01719651371240616,0.027678532525897026,0.9626877903938293,0.000855141319334507,36.44235141699937
450,-0.02065267786383629,0.11084099113941193,1.2315460443496704,0.0778728500008583,20.545794112000294
451,-0.027657074853777885,0.8450872898101807,1.0140200853347778,0.8072900176048279,43.068652584999654
452,-0.03982137516140938,0.9042835831642151,1.0214741230010986,0.8542474508285522,17.916198943999916
453,-0.06998565793037415,0.033611003309488297,1.1345323324203491,-0.04771997779607773,103.93817124899942
454,-0.03642374277114868,0.017580756917595863,1.135811686515808,-0.030201103538274765,9.565098469996883
455,0.02092398703098297,0.8831270933151245,1.2667876482009888,0.891383171081543,8.53116410200164
456,0.005859047640115023,1.163664698600769,0.8218221068382263,1.161305546760559,54.049128758000734
457,-0.018313631415367126,0.4203301668167114,1.2130331993103027,0.38988620042800903,16.7122507890017
458,-0.04374437406659126,0.10890324413776398,1.0467114448547363,0.05469176173210144,41.166020708998985
459,-0.026424972340464592,0.8606001138687134,1.1288326978683472,0.8228868246078491,50.191443693998735
460,-0.017514487728476524,0.3006702661514282,1.05760657787323,0.27257969975471497,5.982148337003309
461,-0.054778460413217545,0.34221044182777405,1.1312569379806519,0.2761194109916687,69.5204200349981
462,-0.023365862667560577,0.2941371202468872,1.2892695665359497,0.2578785717487335,19.104972110002564
463,-0.017136579379439354,0.5226980447769165,0.9260934591293335,0.4963005483150482,10.795914473997982
464,-0.032306402921676636,0.018653593957424164,1.1302603483200073,-0.02495541237294674,74.11505767999915
465,-0.014866848476231098,0.1940927952528,1.3993616104125977,0.1652323305606842,14.485349814000074
466,-0.04427532106637955,0.562088131904602,1.1625409126281738,0.506187379360199,65.76918817299884
467,-0.028987480327486992,1.0253818035125732,0.9428225159645081,0.9869661331176758,7.9218999029981205
468,-0.032603610306978226,0.024593966081738472,1.1595045328140259,-0.019604690372943878,21.01372081899899
469,-0.01879739947617054,0.4696713089942932,1.0690782070159912,0.4401831328868866,107.60840996299885
470,-0.023513484746217728,0.12046229839324951,1.0566630363464355,0.0863821879029274,24.2904446140019
471,-0.018052304163575172,0.018845701590180397,0.8887832760810852,-0.008094435557723045,28.992457841999567
472,-0.03287780284881592,0.42148396372795105,0.883684515953064,0.37976932525634766,11.4717740269989
473,-0.030272934585809708,0.6847432851791382,1.025644302368164,0.644213855266571,11.565236774997175
474,-0.03378644585609436,0.3904258906841278,1.1429543495178223,0.34520989656448364,76.29390731199965
475,-0.03670104965567589,0.8219342231750488,1.1291886568069458,0.7739413380622864,70.46195688499938
476,-0.021550456061959267,0.47872841358184814,0.9935010075569153,0.44724294543266296,29.91523190999942
477,-0.012266943231225014,1.4414900541305542,0.7805846333503723,1.421417236328125,7.458329478999076
478,-0.0361444354057312,0.47208312153816223,1.3747872114181519,0.4221908152103424,32.585955357000785
479,-0.025777222588658333,0.6991003155708313,1.0084444284439087,0.6632386445999146,30.91490989600061
480,-0.028214240446686745,0.019636256620287895,1.2360987663269043,-0.020938970148563385,49.40891524199833
481,0.03237541392445564,0.8704299926757812,1.0149263143539429,0.892656147480011,28.765130259002035
482,-0.013223116286098957,0.01488511636853218,1.4021927118301392,-0.012359926477074623,39.456323942999006
483,-0.027274414896965027,1.0965394973754883,0.910767674446106,1.0601574182510376,35.25500751399886
484,-0.041690338402986526,0.4454101622104645,1.1969916820526123,0.39174988865852356,53.33641526700012
485,0.10471770912408829,0.5110347867012024,1.1191577911376953,0.604560911655426,13.981389830001717
486,0.008508081547915936,0.6195347309112549,0.9577374458312988,0.6184654235839844,63.8375276830011
487,-0.020750340074300766,0.5573599934577942,1.081708312034607,0.5257925391197205,24.47128973600047
488,-0.039515912532806396,0.8768244981765747,1.0041704177856445,0.8272668719291687,22.327947412002686
489,-0.02921818569302559,0.9692611694335938,0.9635562300682068,0.9304074048995972,36.80554237199976
490,-0.028661714866757393,0.2921760678291321,1.035925269126892,0.25315508246421814,31.387162648999947
491,-0.012712715193629265,0.7220831513404846,1.0025728940963745,0.6993446946144104,70.6741141570019
492,-0.03698202967643738,1.2625411748886108,1.1216084957122803,1.2143430709838867,28.78050716100188
493,-0.032559026032686234,0.6037325859069824,0.9583364725112915,0.5615901947021484,37.17294014500294
494,0.02324671298265457,0.6037821173667908,1.0837368965148926,0.6161914467811584,26.997434857999906
495,-0.043360836803913116,0.6371464133262634,0.973624587059021,0.5840493440628052,36.87790107199908
496,-0.02586890570819378,0.5169553756713867,0.9998169541358948,0.4810883104801178,64.21751346599922
497,-0.04113180562853813,1.9721626043319702,1.2504055500030518,1.9185266494750977,26.72271981800077
498,-0.04120488464832306,0.1570000797510147,1.1671088933944702,0.10412410646677017,8.711039847999928
499,-0.03505565598607063,0.3408060073852539,1.2457472085952759,0.2932928800582886,31.984423866000725
500,-0.026694942265748978,0.3440348207950592,1.1290096044540405,0.30604976415634155,56.6326607689989
501,-0.010442652739584446,0.4808543622493744,1.205899715423584,0.4583527147769928,58.3424037390032
502,-0.042279016226530075,0.3794475197792053,1.2779147624969482,0.32438936829566956,31.52385317399967
503,-0.03674260154366493,0.8189710378646851,1.2178157567977905,0.7700502276420593,7.511600671998167
504,-0.027601176872849464,1.9841810464859009,0.9263874292373657,1.94731605052948,7.146156193000934
505,-0.03122618794441223,0.32378965616226196,0.9353330731391907,0.2832101285457611,100.85301752599844
506,-0.034397877752780914,0.026127692312002182,1.2752606868743896,-0.021022792905569077,31.07329056800154
507,-0.020701253786683083,0.213950976729393,1.2527902126312256,0.18072181940078735,39.7947648469999
508,-0.027142664417624474,0.375651478767395,1.1792324781417847,0.3367164731025696,25.301534248999815
509,-0.04891213774681091,0.7036513686180115,1.353399634361267,0.6412052512168884,10.022607693001191
510,-0.009321747347712517,0.3006930947303772,1.0164088010787964,0.28120726346969604,72.03652027100179
511,-0.03269319608807564,0.22466884553432465,0.9354988932609558,0.18262065947055817,64.83923404500092
512,-0.014883114024996758,0.3369961380958557,1.3180805444717407,0.30893224477767944,8.047447721997742
513,-0.017986927181482315,1.84624445438385,0.9552379250526428,1.8187052011489868,17.493103655000596
514,-0.01791960932314396,0.01964067481458187,1.2637890577316284,-0.010916824452579021,5.714668652999535
515,-0.04382660984992981,0.21162918210029602,1.2052326202392578,0.15575024485588074,67.06208873200012
516,0.0014710880350321531,0.6653117537498474,1.0450122356414795,0.6563327312469482,53.962038475001464
517,-0.05827838182449341,0.018580490723252296,1.2710994482040405,-0.052408888936042786,49.42032359600125
518,-0.078978031873703,0.7818270921707153,1.3655080795288086,0.6891939640045166,8.221272737999243
519,-0.03255864605307579,0.43769246339797974,0.9969107508659363,0.39516469836235046,18.240421492999303
520,-0.04600239917635918,1.3965988159179688,0.960749626159668,1.3409888744354248,30.44821094299914
521,-0.011923251673579216,0.5558334589004517,0.9717860221862793,0.5341923236846924,50.52415440299956
522,-0.031108591705560684,0.3112007975578308,1.117654800415039,0.26891565322875977,72.55584064099821
523,-0.03169398009777069,1.4497103691101074,1.0466210842132568,1.4075502157211304,15.86869780699999
524,-0.03159238025546074,0.41947364807128906,0.968453586101532,0.37819674611091614,57.53066776599735
525,-0.022370997816324234,0.11320444941520691,1.1221343278884888,0.0796121135354042,11.703740793000179
526,-0.04195873439311981,0.4331245422363281,1.305740475654602,0.3781083822250366,42.17514161699728
527,-0.03312934935092926,1.2762805223464966,1.06569504737854,1.2324942350387573,69.16231303099994
528,0.031193476170301437,1.22913658618927,0.9236579537391663,1.2510935068130493,17.017884749002405
529,-0.018762165680527687,0.42171725630760193,1.0139297246932983,0.39281579852104187,16.651066452999657
530,-0.03973117843270302,0.8428817391395569,0.9739937782287598,0.79341059923172,26.15227579099883
531,-0.013061750680208206,0.6809895634651184,1.0360817909240723,0.6575669646263123,54.51589744900048
532,-0.03044790029525757,0.3089319169521332,1.0340999364852905,0.26814302802085876,69.5178576899998
533,-0.006115259137004614,0.3472854197025299,1.0730586051940918,0.33043956756591797,31.00180584899863
534,-0.024810191243886948,0.16402506828308105,0.9298326969146729,0.12991654872894287,7.711521356999583
535,-0.029083557426929474,0.2043866664171219,1.0537524223327637,0.16476558148860931,7.373169170998153
536,-0.01779283955693245,0.5062368512153625,1.1380528211593628,0.47706347703933716,69.67560951600171
537,-0.04303983971476555,0.7672390937805176,0.8182640671730042,0.7160165905952454,66.58530202499969
538,-0.05208875238895416,0.9313516616821289,1.1101499795913696,0.8681614398956299,35.69314607400156
539,-0.0415787436068058,0.7226893305778503,1.137546420097351,0.6697350740432739,12.880754118999903
540,-0.0600641667842865,0.1795516163110733,1.0628243684768677,0.10885920375585556,11.917992064998543
541,-0.03797566890716553,0.3779827058315277,1.2906087636947632,0.3271009624004364,63.80275824000273
542,-0.03560144454240799,0.10170700401067734,1.1884303092956543,0.0542212575674057,72.32705262200034
543,-0.02245008759200573,1.0368975400924683,1.0607092380523682,1.0038403272628784,9.219174915000622
544,-0.031198056414723396,0.5993571281433105,1.0319602489471436,0.5578394532203674,33.857169664999674
545,-0.04393202066421509,0.11840305477380753,1.0427953004837036,0.0640430822968483,10.741310803001397
546,-0.016044199466705322,0.7652474641799927,0.8828892707824707,0.7403743863105774,47.07310108200181
547,-0.045702774077653885,0.013777323067188263,1.1954622268676758,-0.043880075216293335,67.26262163100182
548,-0.025232095271348953,0.3799220025539398,1.0008267164230347,0.34468162059783936,46.03770044400153
549,-0.017645826563239098,0.4055662155151367,1.232922911643982,0.3755911588668823,6.872547216000385
550,-0.030251599848270416,0.9696226119995117,1.2941932678222656,0.926429033279419,24.544805359000748
551,0.01600799337029457,1.1851431131362915,0.9099388718605042,1.1920517683029175,46.30899107900041
552,-0.030534639954566956,0.9170922040939331,1.3041226863861084,0.8735163807868958,33.76389011599895
553,-0.03509587422013283,0.2091275006532669,1.2152256965637207,0.16187937557697296,48.32005711799866
554,-0.04740418493747711,0.7053147554397583,1.1600902080535889,0.6463096737861633,32.932277096999314
555,-0.020047536119818687,0.6040241718292236,1.0661942958831787,0.5733146667480469,25.264066410996747
556,-0.03132298216223717,1.1758443117141724,1.0004159212112427,1.1345171928405762,55.24585285699868
557,-0.01933513954281807,0.4690310060977936,1.078326940536499,0.43891260027885437,8.739661782001349
558,-0.02392129972577095,0.29555433988571167,1.060567855834961,0.26102733612060547,67.36144361400147
559,-0.01970864273607731,0.49171504378318787,0.948756217956543,0.4625188410282135,25.23342223399959
560,-0.034825365990400314,0.5335536003112793,1.02093505859375,0.4885188937187195,42.57588077999753
561,-0.020977649837732315,0.9988334774971008,1.0054699182510376,0.9678010940551758,22.108912979001616
562,-0.021263740956783295,0.902864396572113,1.1449476480484009,0.8701512217521667,41.32601708999937
563,-0.019287727773189545,0.778944194316864,0.766242265701294,0.7519940733909607,32.8956425159995
564,-0.02814836986362934,1.1334679126739502,1.2225607633590698,1.0930938720703125,36.746710917999735
565,-0.023230820894241333,0.8119256496429443,1.1347355842590332,0.7773475050926208,47.913828168999316
566,-0.025493411347270012,0.10522272437810898,0.8924848437309265,0.07080446183681488,53.15423182899758
567,-0.022008201107382774,0.20993639528751373,1.0161992311477661,0.17776620388031006,41.45651195800019
568,-0.030227772891521454,0.20694313943386078,1.0245083570480347,0.16647028923034668,7.220633490000182
569,-0.03542781248688698,0.7368789315223694,1.1919264793395996,0.6895318627357483,40.21952918700117
570,0.028401263058185577,0.22410520911216736,1.2940387725830078,0.23956607282161713,35.115378047001286
571,-0.012564119882881641,0.28502029180526733,0.9185531139373779,0.26327064633369446,51.125216754000576
572,-0.020050864666700363,1.1890612840652466,1.2294420003890991,1.156715989112854,12.715334409000207
573,-0.0243810024112463,0.5447732210159302,1.4077287912368774,0.5063149333000183,45.011051706002036
574,-0.02632475644350052,0.37990784645080566,1.063246488571167,0.34295064210891724,39.830883362999884
575,-0.04440848529338837,0.07446420192718506,1.0035206079483032,0.020020511001348495,38.49201428699962
576,-0.022324591875076294,0.5132578611373901,1.0439404249191284,0.4804938733577728,35.37317351599995
577,-0.014675574377179146,0.9245266318321228,1.1569876670837402,0.8982812166213989,39.767680960998405
578,-0.0026855813339352608,0.19914734363555908,0.7996718287467957,0.18846504390239716,45.51448083300056
579,-0.042253948748111725,0.022637348622083664,1.188724160194397,-0.031503841280937195,16.218848378000985
580,-0.014726242050528526,0.4346884489059448,1.270653247833252,0.4072556793689728,50.601308344001154
581,-0.023452460765838623,0.7128200531005859,1.0561015605926514,0.6788066029548645,17.565321784000844
582,-0.027384791523218155,0.28268060088157654,1.1312153339385986,0.243983656167984,72.50289739000073
583,-0.02969009056687355,0.38270822167396545,1.3101333379745483,0.33991679549217224,12.982585675999871
584,0.003993150312453508,0.59178626537323,0.9245752096176147,0.5865336656570435,33.38911050500246
585,-0.03231893852353096,0.11952946335077286,1.1651593446731567,0.07555893063545227,33.6394344750006
586,-0.01818329282104969,0.019488627091050148,1.299806833267212,-0.011692733503878117,43.491684798998904
587,-0.04274763911962509,0.8742285966873169,1.1560723781585693,0.8199202418327332,58.24528208599804
588,-0.03871438279747963,0.6555562615394592,0.9504381418228149,0.607337474822998,15.098938865998207
589,-0.026494963094592094,0.02525325119495392,1.1270804405212402,-0.012512516230344772,82.14040197100258
590,-0.034459188580513,0.19837504625320435,1.4031983613967896,0.14988388121128082,7.925215749000927
591,-0.02753080613911152,0.651829719543457,0.9876335263252258,0.614422619342804,53.364330959000654
592,-0.03222629800438881,0.21090777218341827,1.2199726104736328,0.16648174822330475,16.618694928001787
593,-0.021800771355628967,0.023511037230491638,1.2729249000549316,-0.011018983088433743,43.16118582099807
594,-0.06646896153688431,0.03342863917350769,1.236816644668579,-0.04540848731994629,33.268752996998955
595,-0.022607285529375076,0.20922811329364777,0.8094840049743652,0.17852598428726196,8.124890074999712
596,0.01794377528131008,0.3069467544555664,1.2563390731811523,0.31232714653015137,69.62919211600092
597,-0.03734857216477394,0.6507329344749451,1.1030032634735107,0.6023543477058411,15.760206689999904
598,-0.021722957491874695,0.025205912068486214,1.3342106342315674,-0.00985915120691061,44.14490075299909
599,-0.0382285974919796,0.020264266058802605,1.236940622329712,-0.030333738774061203,65.94494701700023
600,-0.01991356909275055,0.6541440486907959,0.9924556016921997,0.6243059635162354,11.13441728700127
601,-0.052949097007513046,0.4622320234775543,1.0736949443817139,0.3985459804534912,25.078073755998048
602,-0.024457884952425957,0.7736532092094421,1.3178658485412598,0.7360166907310486,43.44689802400171
603,-0.023952776566147804,0.17780503630638123,1.2603020668029785,0.14124923944473267,28.07513259500047
604,-0.01028650812804699,1.0528663396835327,0.8026707768440247,1.0345531702041626,72.42173468200053
605,-0.03366241231560707,0.03405797481536865,0.8962484002113342,-0.008566921576857567,15.706513569999515
606,-0.02780795283615589,0.8093761205673218,1.1413365602493286,0.7701548337936401,34.005584730999544
607,-0.024354463443160057,0.9867388010025024,1.1555862426757812,0.950828492641449,28.93961388599928
608,-0.04226918891072273,0.2991145849227905,0.8481711745262146,0.2483636736869812,23.19442173800053
609,-0.041001711040735245,0.029463550075888634,1.1040129661560059,-0.022578291594982147,75.77028071999666
610,-0.0361371785402298,0.24619650840759277,1.2984166145324707,0.19707515835762024,31.923356073999457
611,-0.026781363412737846,0.8456989526748657,1.186363935470581,0.8070539236068726,34.23529923299793
612,-0.020343586802482605,0.4759696125984192,0.8999122381210327,0.4466269016265869,35.46863265900174
613,-0.0280117467045784,0.44558849930763245,0.9089443683624268,0.40848731994628906,8.036969908000174
614,0.007975698448717594,0.7784998416900635,1.1963112354278564,0.7745124101638794,106.58031080500223
615,-0.025497162714600563,0.01727597415447235,1.4097707271575928,-0.022318895906209946,40.33513135499743
616,-0.021484896540641785,0.20965167880058289,0.9206306338310242,0.17896047234535217,13.783908163000888
617,-0.03635386377573013,0.20366990566253662,1.162414789199829,0.15569190680980682,11.368020070000057
618,-0.05222168564796448,0.21190589666366577,1.0400242805480957,0.1492839753627777,28.003573519003112
619,-0.05362318828701973,0.819974422454834,1.1574004888534546,0.754777193069458,69.15314534299978
620,-0.0270851943641901,0.0211707204580307,1.1104174852371216,-0.017018649727106094,51.64054082200164
621,-0.012222963385283947,0.4116857051849365,1.061166763305664,0.3888510763645172,23.831607322998025
622,-0.04358845204114914,0.5210254192352295,1.1521652936935425,0.465915322303772,8.464299187002325
623,-0.03732142597436905,0.03587333485484123,1.0258101224899292,-0.011706192046403885,38.98644431299908
624,-0.030861545354127884,0.022766174748539925,1.1952943801879883,-0.020048312842845917,64.07290703500257
625,-0.028079582378268242,1.7907899618148804,1.2059240341186523,1.7506511211395264,52.96837710199907
626,-0.030703039839863777,0.020668094977736473,1.2128522396087646,-0.02216346561908722,21.373279729999922
627,-0.023207902908325195,0.5208487510681152,0.9062261581420898,0.48857858777046204,13.948775296001259
628,-0.04222462326288223,0.019915403798222542,1.2923191785812378,-0.035232409834861755,33.312171352001315
629,-0.02169521152973175,0.19792883098125458,1.2050577402114868,0.16418303549289703,56.92304894100016
630,-0.022686082869768143,1.301957130432129,0.9964001774787903,1.269307017326355,71.76232468699891
631,-0.024348493665456772,0.47499513626098633,1.193785309791565,0.4387087821960449,15.056976699001098
632,-0.017921965569257736,0.937899112701416,1.0157569646835327,0.9098195433616638,18.70042520000061
633,-0.014159080572426319,0.21985550224781036,1.1412593126296997,0.19428382813930511,25.38394158000301
634,-0.031158698722720146,0.014514509588479996,1.1732723712921143,-0.02837691269814968,23.671681832001923
635,-0.014909490942955017,0.01653197593986988,0.9669597744941711,-0.008047112263739109,85.37127750299987
636,-0.010020391084253788,0.3322061002254486,1.2758220434188843,0.3094274699687958,26.98752808900099
637,0.010533577762544155,0.5365379452705383,1.0009042024612427,0.5370624661445618,7.528907383999467
638,-0.018350908532738686,0.7198390364646912,1.1183931827545166,0.6903042197227478,43.6193740000017
639,-0.014259841293096542,1.3041210174560547,0.9662103652954102,1.2801990509033203,18.327647956000874
640,-0.03394274041056633,0.33453983068466187,1.0901566743850708,0.28969553112983704,95.18078249099926
641,-0.013839341700077057,0.439113050699234,0.9348581433296204,0.41592514514923096,16.730595983000967
642,-0.019943900406360626,0.018364178016781807,1.254717230796814,-0.014126894064247608,25.722960757000692
643,-0.018030686303973198,0.11306894570589066,0.9819296598434448,0.08521895855665207,46.48731340199811
644,-0.01887369714677334,0.019570650532841682,0.8215150833129883,-0.007518197409808636,32.1728995079975
645,0.029042856767773628,0.11228172481060028,1.1157257556915283,0.13016732037067413,62.809090529997775
646,-0.030501514673233032,0.7627028822898865,1.0608749389648438,0.7215926051139832,29.645292384997447
647,-0.02462536282837391,0.48410558700561523,1.1146539449691772,0.4483336806297302,15.253466521000519
648,-0.031754270195961,0.4653560519218445,1.3589996099472046,0.4200117886066437,47.53760526699989
649,-0.03290947899222374,0.4369000196456909,1.149654746055603,0.39249399304389954,46.25653258300008
650,-0.025601739063858986,0.20601695775985718,1.3456141948699951,0.16695907711982727,22.712516776002303
651,-0.03046932816505432,0.30398502945899963,1.1259222030639648,0.2622564733028412,46.341430182001204
652,-0.02870563603937626,0.10721451789140701,0.9284934401512146,0.06922394782304764,30.447393721999106
653,-0.03399543836712837,0.022968899458646774,1.4056358337402344,-0.025082897394895554,47.509843823001574
654,-0.03493659198284149,0.3203219771385193,1.227983832359314,0.27310553193092346,31.793347778999305
655,-0.027864767238497734,0.02375919371843338,1.1017413139343262,-0.015122986398637295,16.580604148999555
656,-0.026880083605647087,0.275957852602005,1.1959198713302612,0.23711857199668884,40.13480478800193
657,-0.04388219118118286,0.3005291223526001,1.2621275186538696,0.24402566254138947,71.20041443700029
658,-0.02579387091100216,0.29224395751953125,1.0940839052200317,0.25550922751426697,32.05648021700108
659,-0.0198524072766304,1.5170964002609253,0.9708046913146973,1.4875359535217285,23.96767107999767
660,0.11517426371574402,0.3465021252632141,1.2049031257629395,0.4496273696422577,22.27326143600294
661,-0.029757363721728325,0.20679062604904175,1.3297181129455566,0.16373607516288757,27.43395530399721
662,-0.013846732676029205,0.3791255056858063,1.1978713274002075,0.3533000648021698,86.6940250689986
663,-0.00029860890936106443,0.22034281492233276,0.9417619109153748,0.21062658727169037,30.86135884000032
664,-0.032851506024599075,0.11642435938119888,1.1084396839141846,0.0724884569644928,22.26127236800312
665,-0.02795299142599106,0.510302722454071,1.034282922744751,0.4720068871974945,11.414763140001014
666,-0.024118294939398766,0.9233482480049133,1.2172300815582275,0.8870576620101929,51.74935627300147
667,-0.04576694220304489,0.25046104192733765,1.152282476425171,0.19317126274108887,97.40567790799832
668,-0.019989309832453728,0.02339835837483406,1.2401714324951172,-0.008992665447294712,7.334069870001258
669,-0.03317718952894211,0.8832675814628601,1.2553669214248657,0.8375366926193237,10.147950017002586
670,-0.035918399691581726,0.5667024254798889,1.0944437980651855,0.5198395848274231,13.180862094999611
671,-0.055340491235256195,0.02798086404800415,1.21706223487854,-0.03953024744987488,91.57288127900028
672,-0.0321476124227047,0.5914098620414734,0.9813398122787476,0.5494488477706909,42.52522399599911
673,-0.01208852045238018,0.1833096444606781,1.018508791923523,0.16103602945804596,27.237663732998044
674,-0.02478920668363571,0.5284684896469116,1.1560966968536377,0.49211829900741577,20.547090965999814
675,-0.017086295410990715,0.9587448835372925,1.146437168121338,0.9301942586898804,12.64207519699994
676,-0.018641110509634018,0.30197077989578247,1.173579454421997,0.2715938687324524,63.61726234100206
677,-0.02163044922053814,1.6026445627212524,0.9694410562515259,1.5713196992874146,60.31911650099937
678,-0.009931635111570358,0.5310949683189392,1.0834847688674927,0.510328471660614,40.365169668002636
679,-0.01694011688232422,0.15283262729644775,1.25377357006073,0.12335477769374847,14.315454173000035
680,-0.05002066493034363,0.46331435441970825,1.3445403575897217,0.3998482823371887,16.19652405799934
681,-0.02010689489543438,0.29164376854896545,1.0954517126083374,0.2605823576450348,48.34375503499905
682,-0.029816221445798874,0.9950833916664124,0.9006505608558655,0.9562606811523438,61.73550714399971
683,-0.012044859118759632,0.5296696424484253,0.9551606774330139,0.5080732107162476,41.04632640999989
684,-0.022434832528233528,0.20769928395748138,0.8773909211158752,0.17649054527282715,12.982856170001469
685,-0.03315266594290733,0.410929799079895,1.0577988624572754,0.3671991527080536,55.24644725899998
686,-0.046818915754556656,0.4964536726474762,1.0956571102142334,0.43867820501327515,20.809839088000444
687,-0.04648665711283684,0.34873634576797485,1.084963321685791,0.29140007495880127,25.93820906199835
688,-0.03253675252199173,0.29458287358283997,1.029699683189392,0.2517491281032562,50.80219909000152
689,-0.01984085515141487,0.560579240322113,1.02425217628479,0.5304958820343018,49.63596225600122
690,-0.03261586278676987,0.03384852781891823,0.8209049105644226,-0.006976383738219738,56.03247915999964
691,-0.017952581867575645,0.24778513610363007,1.2181850671768188,0.21765071153640747,9.573940819998825
692,-0.002589825540781021,0.5336584448814392,1.0879865884780884,0.5201887488365173,43.15902941799868
693,-0.0396665558218956,0.4698261022567749,1.2773911952972412,0.41738563776016235,45.56926108599873
694,-0.0319015234708786,1.0052273273468018,0.9059099555015564,0.9642667174339294,38.932810677000816
695,-0.024714581668376923,1.0695384740829468,1.1122297048568726,1.0337015390396118,19.35463607299971
696,-0.014335431158542633,0.6279956102371216,0.8158132433891296,0.6055020093917847,35.31835417000184
697,-0.032843124121427536,0.023077048361301422,1.1195403337478638,-0.020961478352546692,52.778194144000736
698,-0.017481228336691856,0.9397640228271484,1.1599773168563843,0.9106830358505249,67.02997252700152
699,-0.01369251124560833,1.6700048446655273,1.0223139524459839,1.6460891962051392,22.20949351100353
700,-0.03512692078948021,0.602992057800293,1.3337887525558472,0.554527223110199,8.268814655002643
701,-0.03171708434820175,0.02249530330300331,1.1860437393188477,-0.02108221873641014,25.156205142000545
702,-0.02993064373731613,1.1218901872634888,1.1005301475524902,1.0809543132781982,70.69374731800053
703,0.1299881488084793,1.3648141622543335,1.1698402166366577,1.4831039905548096,50.78890214299827
704,-0.040360093116760254,0.581383228302002,1.1279997825622559,0.5297431349754333,25.055041943000106
705,-0.03829729184508324,1.0590516328811646,1.0693986415863037,1.0100603103637695,10.878386127998965
706,-0.025612525641918182,0.4843442738056183,0.978533148765564,0.44894641637802124,28.120023297000444
707,-0.017939284443855286,0.07288309186697006,1.0428950786590576,0.04451485723257065,69.08824681999977
708,-0.02813272550702095,0.3791911005973816,0.9208624958992004,0.34184974431991577,43.61073553799724
709,-0.03865209221839905,0.9291434288024902,0.966312050819397,0.8808282613754272,11.557069692000368
710,-0.019598545506596565,1.4383596181869507,1.0009925365447998,1.408751130104065,65.1007704759977
711,0.009039992466568947,0.21925854682922363,0.9746700525283813,0.2185518443584442,7.811408247001964
712,-0.029274826869368553,0.30194535851478577,1.0127956867218018,0.26254257559776306,44.257198549999885
713,-0.03670918568968773,0.30340781807899475,0.9612977504730225,0.2570856511592865,47.22444361000089
714,-0.014556393027305603,0.5392858982086182,1.3181710243225098,0.5115478038787842,33.312842058996466
715,-0.020753273740410805,0.01777747832238674,1.1430824995040894,-0.014406620524823666,50.8176650839996
716,-0.02381572499871254,0.12094403058290482,0.8707301616668701,0.08842100203037262,14.628066885998123
717,-0.02811259962618351,0.018690915778279305,1.0389373302459717,-0.019811056554317474,51.69416648399783
718,-0.03457179293036461,0.5686745643615723,1.2548432350158691,0.5215543508529663,31.438622087000113
719,-0.021464878693223,0.2892477512359619,1.0159939527511597,0.25762292742729187,26.609967604999838
720,-0.04041939228773117,0.20745013654232025,1.2056058645248413,0.15497469902038574,52.88120201299898
721,-0.02572019398212433,0.8531916737556458,1.0518895387649536,0.8169525861740112,40.59311362200242
722,-0.043819528073072433,1.6592553853988647,1.1769212484359741,1.6036666631698608,28.477354237998952
723,-0.030698193237185478,0.021058697253465652,1.308294653892517,-0.02272244170308113,35.44680088899986
724,-0.021056413650512695,1.8109087944030762,1.1187134981155396,1.77866530418396,43.6934619019994
725,-0.03406752645969391,0.2900247871875763,1.3580559492111206,0.2423766851425171,51.37246708800012
726,-0.031584810465574265,0.38865917921066284,0.8334707617759705,0.3487396836280823,61.33195373199851
727,-0.02875550277531147,0.017464568838477135,1.311468482017517,-0.024405617266893387,6.9484445880007115
728,-0.011895839124917984,0.9559019207954407,0.788611114025116,0.9361199736595154,35.21876730100121
729,-0.026412876322865486,0.6120951175689697,1.0228112936019897,0.5754541158676147,56.11781312599851
730,-0.018930071964859962,0.40835291147232056,1.203373670578003,0.3773891031742096,23.97951393800031
731,-0.05058833584189415,0.6924434304237366,1.2042269706726074,0.6298128366470337,43.60173435199977
732,-0.011078991927206516,0.20161084830760956,0.9022348523139954,0.18150949478149414,11.78228048299934
733,-0.03638731315732002,0.6811040043830872,1.0277857780456543,0.6344388127326965,64.52120364299844
734,-0.018479401245713234,0.42013680934906006,1.1221320629119873,0.3904360830783844,56.421126000001095
735,-0.03097066842019558,0.3713379204273224,1.1794713735580444,0.328572541475296,30.995972339998843
736,-0.05623573809862137,1.1814641952514648,1.0549280643463135,1.1146790981292725,9.577422055997886
737,-0.020585060119628906,0.2200413942337036,0.8142197728157043,0.19131413102149963,54.518026429999736
738,-0.022958582267165184,0.44161343574523926,1.1399312019348145,0.4072555601596832,33.55160743899978
739,-0.030701471492648125,0.21502093970775604,1.126406192779541,0.17305541038513184,37.44844937800008
740,-0.02812250331044197,1.206612229347229,1.1820656061172485,1.1666690111160278,53.27215753099881
741,-0.046009086072444916,0.866197943687439,1.2990928888320923,0.8071979284286499,12.670349465999607
742,-0.01688753068447113,0.5286566615104675,1.1861982345581055,0.49990713596343994,52.195780400998046
743,-0.02444189414381981,1.2611454725265503,1.3319255113601685,1.2233843803405762,44.68105190799906
744,-0.03445031866431236,0.2041965126991272,1.2877005338668823,0.15686918795108795,25.12240158900022
745,-0.0407625176012516,0.9933714866638184,1.282469630241394,0.9397842288017273,25.84571217499979
746,-0.021773001179099083,0.2671002149581909,1.2541182041168213,0.23278604447841644,33.43365656200331
747,-0.04538021236658096,0.9968964457511902,1.359777808189392,0.9379184246063232,63.63376725799753
748,-0.04996072128415108,0.11574776470661163,1.30259108543396,0.05276113748550415,31.41448897400187
749,-0.0375763475894928,0.21374478936195374,1.0862386226654053,0.16530606150627136,30.264559739996912
750,-0.02457243762910366,0.0201717559248209,1.1313698291778564,-0.015714380890130997,25.61115910999797
751,-0.02762681245803833,0.017976969480514526,1.2952033281326294,-0.02260187640786171,40.14405435500157
752,-0.0027733256574720144,1.06194269657135,1.0624043941497803,1.0485453605651855,71.47224575899963
753,-0.03371492400765419,0.4147956967353821,1.0501965284347534,0.3705788254737854,21.267638199999055
754,-0.05983573943376541,0.381722629070282,1.3574153184890747,0.3083127439022064,40.66263257600076
755,-0.015949029475450516,0.38714879751205444,1.286843180656433,0.3583313226699829,20.759128720001172
756,-0.021198885515332222,0.532707691192627,1.2302711009979248,0.4992061257362366,29.359011398999428
757,-0.050293028354644775,0.025719089433550835,1.1281542778015137,-0.035855479538440704,52.11054077399967
758,-0.03667181730270386,0.6037026047706604,1.1830824613571167,0.5551999807357788,35.37611660199764
759,-0.03275192901492119,0.985462486743927,1.0064420700073242,0.9426461458206177,55.68881925099777
760,-0.011182580143213272,0.26336121559143066,0.9925593137741089,0.24225305020809174,29.307087296001555
761,-0.043096624314785004,0.023719247430562973,1.142419457435608,-0.030801571905612946,29.4196852999994
762,-0.02297397516667843,0.016239317134022713,1.2247461080551147,-0.018982119858264923,45.70526475299994
763,-0.00789286196231842,0.5589240193367004,1.0000600814819336,0.5410305857658386,37.672959874998924
764,-0.008682649582624435,0.22196455299854279,1.1139929294586182,0.20214197039604187,40.489591314999416
765,-0.015489901416003704,0.3923020362854004,0.914035975933075,0.36767175793647766,36.25511039600315
766,0.0005674386629834771,0.8150184154510498,0.7689736485481262,0.8078961372375488,6.805546247000166
767,-0.034017521888017654,0.03426646068692207,0.8727589249610901,-0.008478649891912937,61.08052021399999
768,-0.007462700828909874,0.4560980200767517,0.8525997996330261,0.4401093125343323,35.70758532200125
769,-0.020371166989207268,1.2148607969284058,1.0686054229736328,1.1838035583496094,53.273166661001596
770,-0.004240399692207575,0.38995879888534546,1.0834959745407104,0.3748834431171417,12.130878508000023
771,-0.025781266391277313,0.331726610660553,0.9959781765937805,0.29598554968833923,37.428635006999684
772,-0.024295248091220856,0.20428848266601562,1.1767796277999878,0.1682254523038864,36.00714209299986
773,-0.012354861944913864,0.39753487706184387,1.0103826522827148,0.37507620453834534,48.940013667997846
774,-0.03581554815173149,0.6825500726699829,1.238653302192688,0.6343479752540588,42.44982228899971
775,-0.01775047555565834,0.020117511972784996,1.04205322265625,-0.008053495548665524,73.98238149300232
776,-0.040188003331422806,0.9696428775787354,1.1345475912094116,0.9181094169616699,6.464006590998906
777,-0.017250971868634224,0.4107704758644104,0.9786390066146851,0.3837330937385559,11.21528182000111
778,-0.039880719035863876,1.931947946548462,1.2662907838821411,1.8794043064117432,75.90923538900097
779,-0.025677107274532318,0.10949644446372986,1.206918716430664,0.07175014913082123,8.425148209997133
780,-0.013976503163576126,0.34408971667289734,1.1421144008636475,0.31869205832481384,60.460947952000424
781,-0.014975020661950111,0.4274238348007202,1.0626189708709717,0.40182262659072876,35.73316046999753
782,-0.008484572172164917,0.5247700214385986,0.9074017405509949,0.5072113871574402,25.5261045820007
783,-0.014063381589949131,1.3168083429336548,1.0680309534072876,1.2920646667480469,34.14805920700019
784,-0.048256173729896545,1.4592238664627075,1.265537142753601,1.3983123302459717,50.80556114199862
785,-0.03715427592396736,1.2275720834732056,1.0948395729064941,1.179469347000122,12.05823436799983
786,-0.02777065895497799,0.022349897772073746,1.2758841514587402,-0.018179602921009064,65.91275469000175
787,-0.01382414810359478,0.1178349032998085,1.0732507705688477,0.09327824413776398,35.62806029700005
788,-0.0476999506354332,1.120597004890442,0.9693241119384766,1.0632038116455078,31.359403784001188
789,-0.0026847892440855503,1.4659879207611084,0.977299690246582,1.4535300731658936,37.316390940999554
790,-0.024192675948143005,0.02065647579729557,1.0605016946792603,-0.01414121687412262,26.244940337001026
791,-0.034297727048397064,0.022005276754498482,1.2208279371261597,-0.024500729516148567,61.71515569500116
792,-0.03241415694355965,0.019092369824647903,1.2749159336090088,-0.02607094496488571,15.642287059999944
793,-0.03821474686264992,0.5156727433204651,1.1269677877426147,0.46618831157684326,46.53294808499777
794,-0.01535782590508461,0.07045579701662064,1.0608199834823608,0.044489771127700806,27.93239502600045
795,-0.02996107190847397,0.4246502220630646,1.115511178970337,0.3835340440273285,46.36222273699968
796,-0.06381906569004059,0.4039578139781952,1.1641101837158203,0.32849761843681335,41.42257916200106
797,-0.016753189265727997,0.38056209683418274,1.0872706174850464,0.3529362082481384,39.81540960100028
798,-0.021922443062067032,0.36947518587112427,1.0808155536651611,0.33674460649490356,22.93690002099902
799,-0.034384969621896744,0.4755527079105377,1.1921186447143555,0.42924654483795166,15.185159152002598
800,-0.014194021932780743,0.97074955701828,0.870027482509613,0.9478552937507629,92.39747047300261
801,-0.014077105559408665,0.39507967233657837,0.8468451499938965,0.3725341260433197,7.755180758998904
802,-0.020432796329259872,0.3761960566043854,1.174547553062439,0.34401777386665344,51.52805866400013
803,-0.04665234312415123,0.19885413348674774,1.1681033372879028,0.14052075147628784,12.122786728999927
804,-0.02809963747859001,0.3942762017250061,1.0019474029541016,0.3561570942401886,74.70436099200015
805,-0.02064264379441738,0.016575166955590248,1.3351280689239502,-0.0174187570810318,14.076162802000908
806,-0.01306487713009119,0.9543465375900269,0.8740075826644897,0.9325416088104248,44.914499123002315
807,-0.050822678953409195,0.21323370933532715,1.3403059244155884,0.14900797605514526,42.6852335629992
808,-0.041441913694143295,0.2019735425710678,1.2222048044204712,0.14830957353115082,17.129721100001916
809,-0.050550516694784164,0.5205645561218262,1.4304026365280151,0.4557100236415863,61.861062838997896
810,-0.01449699979275465,0.5975572466850281,1.3244737386703491,0.5698155164718628,7.7112384979991475
811,-0.016183365136384964,0.6020095348358154,1.006848931312561,0.5757576823234558,73.40679289900072
812,-0.006723087280988693,1.3599538803100586,1.2623968124389648,1.3406068086624146,16.908270604999416
813,-0.020638352259993553,0.11030901968479156,1.2947700023651123,0.07672296464443207,39.3903963949997
814,-0.01246512308716774,0.027077805250883102,1.1845784187316895,0.002766897901892662,16.493967973001418
815,-0.019406825304031372,0.42241206765174866,1.162719964981079,0.3913780450820923,68.16045318500255
816,-0.006621788255870342,0.3872833251953125,1.1922844648361206,0.36873871088027954,34.20193081800244
817,-0.02188940718770027,0.018670812249183655,1.3019148111343384,-0.016237743198871613,24.558783245000086
818,-0.03426559641957283,0.44039100408554077,1.2279218435287476,0.39384618401527405,42.64900068699717
819,-0.024360228329896927,0.29339051246643066,1.0595844984054565,0.2584344148635864,18.09608917100195
820,0.05259452015161514,0.5401507616043091,1.2372987270355225,0.5803723335266113,76.69016221600032
821,-0.009072260931134224,0.17797012627124786,1.0773324966430664,0.15812453627586365,39.4655876709985
822,-0.026532139629125595,0.28874334692955017,1.0461483001708984,0.251749724149704,20.370660911001323
823,-0.021861137822270393,0.0314260758459568,1.1047534942626953,-0.0014825966209173203,24.714648954999575
824,-0.01359940879046917,0.21374788880348206,1.305718183517456,0.18709129095077515,40.393315935998544
825,-0.026819860562682152,0.35166028141975403,1.1001081466674805,0.3138393461704254,75.20673986100155
826,-0.0010626997100189328,0.41928261518478394,0.9412778615951538,0.4088071584701538,22.91293091999978
827,-0.02759767323732376,1.1451220512390137,1.1900900602340698,1.105623483657837,20.04440550900108
828,0.02752337045967579,0.7506916522979736,1.138414978981018,0.7668309211730957,36.19691691800108
829,-0.023131024092435837,0.24334032833576202,1.2021472454071045,0.20818783342838287,50.24744618499972
830,0.004498408641666174,0.14541637897491455,1.0973899364471436,0.13894088566303253,25.14986959700036
831,-0.004332614131271839,0.9830871820449829,0.8444848656654358,0.9703097343444824,41.58800621500268
832,-0.0128125986084342,0.01532437838613987,1.1715881824493408,-0.009204101748764515,54.33399903499958
833,-0.027964740991592407,0.02322997711598873,1.1802250146865845,-0.01653701439499855,14.196424706999096
834,-0.06042397394776344,0.021239761263132095,1.1809672117233276,-0.05099388584494591,46.75454204700145
835,-0.03433406725525856,0.42678889632225037,1.2109384536743164,0.3803454637527466,25.448262590998638
836,-0.013891531154513359,0.5433372855186462,0.9768360257148743,0.5196774005889893,31.977681446001952
837,-0.018203487619757652,0.5594621300697327,0.9372072815895081,0.5318865776062012,73.437128562
838,-0.04596484825015068,0.034338995814323425,1.2238491773605347,-0.023864343762397766,17.183327489001385
839,-0.0229662898927927,0.5389429330825806,1.1664196252822876,0.5043124556541443,20.902816687001177
840,-0.007087085861712694,0.6078646183013916,0.9636955261230469,0.5911405682563782,55.87196667600074
841,-0.011226315051317215,0.11563082039356232,0.9479253888130188,0.09492525458335876,16.848114223001176
842,-0.04309496656060219,0.40244582295417786,1.0350232124328613,0.34900063276290894,90.3727076920004
843,-0.03155975416302681,0.021259229630231857,1.0295604467391968,-0.020596127957105637,13.676873451000574
844,-0.04254239797592163,0.309194415807724,1.0193437337875366,0.256458580493927,26.498586100002285
845,-0.04156305640935898,1.0444024801254272,0.9808069467544556,0.99303138256073,21.858218982000835
846,-0.04144797846674919,0.7520999908447266,1.119544267654419,0.6994565725326538,36.63615999600006
847,-0.036731988191604614,1.053317904472351,1.1576018333435059,1.0050098896026611,70.49390999400202
848,-0.03791274502873421,0.25764167308807373,1.1861321926116943,0.2078676074743271,34.8589172840002
849,-0.009356862865388393,0.02281348593533039,0.936875581741333,0.0040878672152757645,23.638261853000586
850,-0.015988165512681007,0.5188840627670288,0.9234525561332703,0.49366137385368347,15.746707929996774
851,-0.024645725265145302,0.017058182507753372,1.2366487979888916,-0.019954029470682144,62.681398587999865
852,-0.017362400889396667,0.4847606420516968,0.8632538914680481,0.4587656855583191,69.37379119599791
853,0.01842464879155159,1.5428770780563354,0.8589910268783569,1.552711844444275,19.83231447399885
854,-0.00889085978269577,1.2270922660827637,1.065339207649231,1.2075480222702026,20.36025418799909
855,-0.024261675775051117,0.26033321022987366,0.9903891682624817,0.22616763412952423,30.93434705099935
856,-0.020519137382507324,0.34119340777397156,1.0508066415786743,0.31016620993614197,58.06841626500318
857,0.04422251507639885,0.3246921896934509,1.0156532526016235,0.3587581515312195,45.01981697299925
858,0.009715055115520954,0.6944502592086792,0.9277001619338989,0.6948883533477783,18.930391223999322
859,-0.022388353943824768,0.4253231883049011,0.8196917772293091,0.39473792910575867,38.594870010001614
860,-0.015788912773132324,0.02207501046359539,0.8800806403160095,-0.002514708787202835,40.37505412799874
861,-0.028116218745708466,0.21157841384410858,1.0719603300094604,0.17274260520935059,36.476590360001865
862,-0.034745953977108,0.42572668194770813,1.2809473276138306,0.37817123532295227,77.46390006799993
863,-0.04064224660396576,1.5540175437927246,1.0568907260894775,1.5028064250946045,8.196624690001045
864,-0.0300121046602726,0.7504757046699524,1.1274272203445435,0.7091892957687378,30.100285545002407
865,-0.027679085731506348,0.2367434948682785,0.9210017919540405,0.19985438883304596,53.39710218700202
866,-0.04048357158899307,0.11367127299308777,0.9914235472679138,0.06327346712350845,13.765589512000588
867,-0.0190863236784935,0.7324268221855164,1.0059205293655396,0.7032813429832458,56.98366037600135
868,-0.040432970970869064,0.632285475730896,1.2836939096450806,0.5790155529975891,49.0668023640028
869,-0.03575499355792999,0.5073863863945007,0.8597953915596008,0.4630334675312042,24.410707809001906
870,-0.036314792931079865,0.5480546355247498,0.9766855239868164,0.5019729733467102,40.803596711000864
871,-0.0494929775595665,0.20872317254543304,1.1679375171661377,0.1475508213043213,54.90304693199869
872,-0.031107313930988312,0.29710522294044495,1.1476260423660278,0.2545216679573059,28.065074825997726
873,-0.026465196162462234,0.6911458969116211,1.103502631187439,0.6536456942558289,56.61989368099967
874,-0.0359141044318676,0.15901751816272736,1.0036996603012085,0.1130664125084877,31.458361053999397
875,-0.010897170752286911,1.8811402320861816,0.8209556937217712,1.862033486366272,27.22618483399856
876,-0.07731501013040543,0.3876016139984131,1.1452770233154297,0.29883384704589844,60.87921258799906
